hash,benchmark,verified-result,claimed-result,mallob-kicaliglu,paracooba
002a0330958a14deb23dcc84b5489e8a,traffic_f_unknown.cnf,unsat,unsat,8.507,170.655
004b0f451f7d96f6a572e9e76360f51a,spg_420_280.cnf,unsat,unsat,9.619,193.748
00a62eb89afbf27e1addf8f5c437da9b,ortholatin-7.cnf,sat,sat,2.499,3.079
00aefd1fc30c425075166ca051e57218,barman-pfile10-038.sas.ex.15.cnf,unsat,unsat,14.222,84.611
0151bedac526ee195bc52e4134cd80e7,ssAES_4-4-8_round_8-10_faultAt_8_fault_injections_2_seed_1579630418.cnf,sat,sat,17.426,2000.0
01813075a2ddb68ae1fc655ca003437e,sha256__zeroOut_12__freeIn_16__seed_1.cnf,sat,sat,58.437,157.407
01d142c43f3ce9a8c5ef7a1ecdbb6cba,urquhart3_25bis.shuffled.cnf,unsat,unsat,3.002,42.313
0205e0724a8a912dde9ad7dfba2aee0b,003-23-80.cnf,sat,sat,7.307,2000.0
02223564bd2f5c20768e63cf28c785e3,mp1-squ_ali_s10x10_c39_abio_SAT.cnf,sat,sat,2.491,27.059
0240f5bddc39ad2f0a786c811fc434a8,SC21_Timetable_C_542_E_71_Cl_36_S_35.cnf,sat,sat,18.429,2000.0
024af9416f8c1dad1b4f974757e38d51,8-5-6.cnf,sat,sat,102.488,2000.0
02627689047d06fbb642eef14768d751,ps_200_300_70.cnf,unsat,unsat,8.519,41.633
0294158664d9ada36bd23fbb652cb823,smtlib-qfbv-aigs-countbits128-tseitin.cnf,unsat,unsat,106.595,2000.0
02c6fe8483e4f4474b7ac9731772535d,ncc_none_7047_6_3_3_0_0_420.cnf,unsat,unsat,57.865,370.092
02f2343e32f9070f149708d77556b4aa,Kakuro-easy-117-ext.xml.hg_5.cnf,sat,sat,54.052,326.245
0398e6b20de133ba8b49c74b67dad7b7,6s133-sc2014.cnf,unsat,unsat,2.806,249.363
03ba29d5cb38d345357a74a7b5ccd759,20-100-lambda100-49_sat.cnf,sat,sat,5.618,93.927
03bb7baaa45980753a0e7050ae44755d,atco_enc3_opt1_03_53.cnf,sat,sat,27.433,2000.0
03c44a93577c98119dc498053888937a,ctl_4291_567_1_unsat_pre.cnf,unsat,unsat,16.413,2000.0
03fb9af7b390fe9e0739150ca3410cf0,4g_5color_166_100_02.cnf,sat,sat,39.344,2000.0
04157f716c1e9606c6a530657bf8f957,Kakuro-easy-125-ext.xml.hg_4.cnf,unsat,unsat,165.421,2000.0
0447371bb8a97e8fe5d3cee6de1db766,UTI-20-10p0-sc2009.cnf,unsat,unsat,33.536,707.569
047c92e7c0a36a23d8107f4313517719,rubikcube701-sc2017.cnf,unsat,unsat,23.4,364.734
047fbe00ecc60835f1ee9d458bbd7ee8,SAT_H_instances_childsnack_p06.hddl_2.cnf,sat,sat,14.946,15.224
048142b6048cb6c10415e08f68a2c3a3,GP_81_430_13.cnf,sat,sat,9.821,2000.0
048a70da40ea4908c783b8314be2da97,aes_32_2_keyfind_1.cnf,sat,sat,4.408,12.749
0616ca6b1e0ae639d12e19ed310963a9,satcoin-genesis-SAT-4.cnf,sat,sat,2.691,11.029
064fe286277f695f42b556ef991036ff,sin_depth_miter_2.cnf,unknown,unsat,202.473,2000.0
072785fd927ff0fd180ce8b9cc00078f,20180321_140826713_p_cnf_320_1120.cnf,sat,sat,2.316,0.948
07b7859003d84402cbb1ebdc37655d55,6s186_Iter20.cnf,unsat,unsat,11.522,209.595
0810eb03d022334fdd1d5a6ad4969d47,gss-18-s100.cnf,sat,sat,3.614,141.312
0823bc5f954c6366702877556f0d3680,linked_list_swap_contents_safety_unwind66.cnf,unsat,unsat,90.363,235.444
0842eb01dc00232edc0b26ccb2f19f25,6-4-6-sc2018.cnf,sat,sat,116.294,2000.0
0855033e761d91ae367e867c5a569f9e,atco_enc1_opt2_10_15.cnf,unsat,unsat,16.531,223.814
085b8ebc423dcbd70eceaa04229cf5cd,summle_X111102_steps8_I1-2-2-4-4-8-25-100.cnf,sat,sat,6.516,67.976
089456508f74be2d96f4112cc495f80a,Eternity-10-06_c18.cnf,sat,sat,15.428,146.962
08991fb6c7c45205df7f2bc2f51fb1d9,bobsmdct_k500.cnf,unknown,unsat,404.737,2000.0
08e151e72fe10402a49463171aa557e8,abw-V-nos6.mtx-w220.cnf,sat,sat,299.271,2000.0
090585dc32a79f2bf6fb61a2c7079682,mdp-28-16-sat.cnf,sat,sat,4.199,63.831
09d8544494e54bc756438e69567b4ba7,mp1-klieber2017s-0300-034-t12.cnf,sat,sat,6.42,126.211
0a20cb72e5b005b8ed09d8a93184604a,j3037_9_gmto_bm1.cnf,unknown,unsat,518.603,2000.0
0a3cb69074519646b0f2933ba7ad2d30,aws-encryption-sdk-c:aws_cryptosdk_hdr_write.cnf,unsat,unsat,43.945,384.632
0a514edbeace21927e52d75f2d4a8efd,ota-for-aws-iot-embedded-sdk:parseJSONbyModel.cnf,unsat,unsat,36.933,385.177
0b4421f6aac81e2dbc87c5b5ddae6511,52bits_12.dimacs.cnf,sat,sat,7.52,53.806
0b495cc867003b7ac112b7c47256228b,h31_large.cnf,unknown,unknown,2000.0,2000.0
0c0e6faa4abb622f5bea636ff04d341d,grid-color-12-14-2-cb.cnf,sat,sat,5.594,2000.0
0c5d7e7aa3dd6024816078d2bdcfc4e3,Carry_Bits_Fast_8.cnf.cnf,sat,sat,3.511,81.238
0c75119940f87f2bc1dc3f53aeedc02b,20-100-lambda100-89_sat.cnf,sat,sat,12.327,341.29
0d209cb420326994f9c4898eb10228ab,008-80-8.cnf,sat,sat,3.405,55.112
0d4970edf84353e5a5798bca3f7f270e,SAT_H_instances_childsnack_p10.hddl_2.cnf,sat,sat,46.187,83.467
0dc468413b65339fad7e4f981bf2fb1e,reconf20_61_myciel4_2.cnf,unsat,unsat,6.499,9.913
0dcd0ec81c5e8dc13b72d43a4940279b,hantzsche_wendt_unit_147.cnf,sat,sat,105.596,2000.0
0e775873f4c4bbc81ff92b87dd3e15e8,grid-strips-grid-y-3.045-NOTKNOWN.cnf,sat,sat,13.328,126.334
0e89b0f96c99f1a6aaaf66c3ae805919,SCPC-500-15.cnf,unsat,unsat,4.422,115.971
109aa0f5e177c1efb72f133a6f8c723b,hantzsche_wendt_unit_92.cnf,unsat,unsat,31.537,2000.0
114f1b2ffd86e8a176bcbab664415520,bobsmdct_k88.cnf,unsat,unsat,40.153,2000.0
129162378e8ad29b5485a9c53feee4b7,hantzsche_wendt_unit_93.cnf,sat,sat,5.517,2000.0
13b13b34fe88f093aca06d6d035ee797,Lab-Project-FreeRTOS-Cellular-Library:Cellular_ATRemovePrefix.cnf,unsat,unsat,97.091,2000.0
14f35ebcab936f66fc9292ff62cf39a7,h31.cnf,unknown,unknown,2000.0,2000.0
157c7496c04d3fc63565cd7999dc45a5,Carry_Save_Fast_1.cnf.cnf,sat,sat,2.402,88.216
161a73825fb50badeedbf8d12e1e043a,cfi-rigid-z2-0088-03-or_2.cnf,unsat,unsat,19.12,322.228
16a0949c23ac67c57c5773403daaca60,coreMQTT:MQTT_Connect.cnf,unsat,unsat,102.573,2000.0
1b78438db7da55c2b4c4b8ec6b6cd6c6,soelberg_unit_158.cnf,unknown,unsat,110.406,2000.0
1ebab99edff4c0470c8aa753bb9d3353,summle_X8637_steps8_I1-2-2-4-4-8-25-100.cnf,sat,sat,6.324,27.703
1fabadca67bfeada7086035761b88b33,sum_of_three_cubes_165_unknown_representation.cnf,unknown,unknown,2000.0,2000.0
1fee9f154615842029ec63d8520f4b4e,GP_300_250_15.cnf,sat,sat,22.352,2000.0
20840b5020649385e3f8f4965de7a123,hantzsche_wendt_unit_83.cnf,unsat,unsat,17.518,622.884
23e61c50ee2ac5cad1d337572abdebcf,aws-encryption-sdk-c:aws_cryptosdk_priv_hdr_parse_edks.cnf,unsat,unsat,114.596,637.211
24af39156d1daa122e5928d9aba11847,GP_100_948_33.cnf,sat,sat,25.361,2000.0
2551afad6b364a7225cdd1b9fa82f7c0,worker_500_500_500_0.35.cnf,sat,sat,8.807,7.037
26342c62148962a09872831b7cef8aae,div-mitern165.cnf,unsat,unsat,65.529,2000.0
26f8332e50a4ba5c371852e3737a3002,mdp-28-11-unsat.cnf,unsat,unsat,44.436,2000.0
2748e075d4b636ef260271a35302049b,cfi-rigid-t2-0048-01-or_3.cnf,sat,sat,8.411,60.787
27d9905476897885d29cea2744db9805,coreJSON:skipCollection.cnf,sat,sat,46.889,273.722
285cb2c9735ac73cad999fba3d669382,summle_X8634_steps8_I1-2-2-4-4-8-25-100.cnf,sat,sat,4.617,28.216
28b715dd946dba71ddd58a73d9f82c39,pj2005_k80.cnf,sat,sat,162.545,2000.0
294924aff67e879595e55f15b10a79ef,grid-color-12-14-6-cb.cnf,sat,sat,9.597,31.381
2a43c3327fb817d82496449265d6630d,mdp-36-16-unsat.cnf,unknown,unknown,2000.0,2000.0
2c0379771c5313567ea9e230438f203f,reconf20_320_hc-square-2_1.cnf,unsat,unsat,30.637,216.353
2c7cb0ff324a42a0699c23317c97a29a,6s320rb1_Iter8.cnf,unsat,unsat,25.535,836.277
2d01c7744a990469354a3c53cc2727fb,rphp_p95_r95.cnf,unknown,unknown,2000.0,2000.0
2f9cb22859718ab6c201726a91cfefe1,aws-encryption-sdk-c:aws_cryptosdk_priv_try_gen_key.cnf,unsat,unsat,96.374,653.657
30ca21da9753263cc8cda020802b58ce,GP_500_200_20.cnf,sat,sat,25.258,2000.0
3159a02d096424aab6295c76360633a9,SCPC-500-10.cnf,unsat,unsat,4.404,68.303
3176c9024f756e99dbee852e5c0aa578,Break_triple_12_30.xml.cnf,sat,sat,3.313,37.624
31cc22a0f42ebaa109a5b807eb6178c2,Break_20_54.xml.cnf,sat,sat,2000.0,2000.0
324e19a2991a29d0765ad256fb7aee85,j3037_9_gmto_b.cnf,sat,sat,4.429,668.129
34c2410669b8063d4b0a16a40b071536,sum_of_three_cubes_still_open_large.cnf,unknown,unknown,2000.0,2000.0
351746fa3de2464c903c85e726cfed55,linked_list_swap_contents_safety_unwind67.cnf,unsat,unsat,63.373,583.03
354936f86e55ab8d00e6e1f5f7c140a9,xor_op_n44_d3.cnf,unknown,unknown,2000.0,2000.0
354c2088ae7648e1dc51d12947c8043a,bobsmdct_init_k88.cnf,unsat,unsat,85.882,2000.0
35ad744923721e37a2f58443179c31a8,coreMQTT:MQTT_SerializeConnect.cnf,unsat,unsat,66.56,992.04
3666617901c8500d78700dac959729d4,pj2002_k9.cnf,unsat,unsat,60.764,760.448
367c25ad50259a685a25b86d6dd171b2,GP_100_950_33.cnf,sat,sat,30.862,2000.0
36ecf4ba0451f40e4ede9a1b2ab914f7,af-synthesis_stb_50_200_4_sat.cnf,sat,sat,6.723,68.207
372021735d9e46002b862aa2a038a818,j3045_4_rggt_bm1.cnf,unsat,unsat,33.528,735.633
39b3fde35939134f3b011ebb31842610,PancakeVsInsertSort_9_4.cnf,unknown,unsat,216.596,2000.0
3b97191d94abf3a5e97d6359d886d9df,summle_X111121_steps7_I1-2-2-4-4-8-25-100.cnf,sat,sat,11.296,74.016
3cbd82017c4a304c014dd87a69f6028c,bmc_QICE_req_sfl_30.cnf,unsat,unsat,509.859,2000.0
3d2a6e5c2f8f58dee79fd50444009625,cfi-rigid-z2-0088-03-or_2_shuffle_all.cnf,unsat,unsat,24.949,887.725
3d2b0088dccf11d1f82c89b7122c26e1,cfi-rigid-z2-0088-01-or_2_shuffle_all.cnf,unsat,unsat,21.736,442.203
3d449de3d6e722c9ce4a38ec748ee3cf,sudoku-N30-10.cnf,unknown,unsat,231.785,2000.0
3d4beaebb3d87819ce9ff59e72047ef7,sudoku-N30-20.cnf,unsat,unsat,134.499,2000.0
3e2fe1556893706475f9dd19c1a7b8fe,mdp-32-12-sat.cnf,sat,sat,21.223,749.128
3fb045f58aaf394165735c39c49fad92,linked_list_swap_contents_safety_unwind56.cnf,unsat,unsat,40.532,419.047
3fb297f59ad2dc32fd3f79d61951d8cb,Carry_Bits_Fast_4.cnf.cnf,sat,sat,2.418,5.185
3ff263696219ca9e301b0a1b345eb9aa,SCPC-500-4.cnf,unsat,unsat,4.512,119.279
41423c03ef173a5b81d6e6776f316fa5,PancakeVsInsertSort_7_8.cnf,unsat,unsat,33.539,2000.0
4348c6b9af237291558b154a9de82969,aws-encryption-sdk-c:aws_cryptosdk_priv_hdr_parse_aad.cnf,unsat,unsat,144.807,2000.0
43687a48fb119ca61b47c2fc69a71e7d,manthey_single-ordered-initialized-w42-b8.cnf,unsat,unsat,7.519,181.544
436d00b6d41912e800e9855d08c75139,manol-pipe-f7nidw.cnf,unsat,unsat,14.317,31.729
4408f3ebfc37275a23ef57cfcc8aba6d,aws-encryption-sdk-c:aws_cryptosdk_priv_hdr_parse_content_type.cnf,unsat,unsat,38.423,281.989
44ed91b4ca5a5d8323cab4c268d81fd1,grid-color-12-14-12-cb.cnf,sat,sat,6.433,2000.0
4501f9a0e9fab5d5cff7133022b1f780,50bits_11.dimacs.cnf,sat,sat,6.604,72.896
4513c58c16e72a34f9f8518db7baeb9e,ktf_TF-3.tf_3_0.02_24.cnf,unsat,unsat,17.528,249.261
4551c996fc6f5fbe62b43076abb25077,knight_18.cnf,sat,sat,111.299,2000.0
45784477d3143f470c0bd0137a1c01ed,sum_of_three_cubes_still_open.cnf,unknown,unknown,2000.0,2000.0
45ec40c74fdbf2fe41122ac1e31e6c8e,worker_30_120_30_0.8.cnf,unknown,unsat,2000.0,2000.0
47135a1fd4c86afbfec0c7879c45268b,SC22_Timetable_C_451_E_46_Cl_30_S_27.cnf,sat,sat,94.093,2000.0
47a1a6f5687ed19c5c0f77c2c81f3f81,tseitin_grid_n14_m14.cnf,unknown,unsat,2.403,2000.0
488b147304549670f31653c932684e2c,sin-mitern28.cnf,unsat,unsat,7.507,149.964
48e9f29a92930f1b367efc5754cb679b,af-synthesis_stb_50_80_7_sat.cnf,sat,sat,5.221,211.349
48eacbc152c7710dfd6fe17a8a17199e,SCPC-500-7.cnf,unsat,unsat,5.412,103.414
49f5d904bb2e762219287d33f5621971,ITC2021_Late_1.xml.cnf,sat,sat,4.315,47.51
4a85e090bda23cef9bf2aed55d489ab6,sin_depth_miter_5.cnf,unsat,unsat,194.483,2000.0
4af0fbe3087b6e3ad54177e16b85ed06,grid-color-14-14-6-cb.cnf,unknown,unknown,2000.0,2000.0
4b45bebcc3f810b25cca2d16a1ff2084,hyp_cec_multi_3.cnf,unknown,unknown,2000.0,2000.0
4b537d3c18082eb884bf9429b8146214,gaussian.c.75.smt2-cvc4.cnf,sat,sat,17.432,220.884
4db2404ba78dda6f3bc89a2b03057fd2,intel036_Iter109.cnf,sat,sat,15.346,63.609
4f888358cd62fe7bc602ea6882cdfc6d,bivium-40-200-0s0-0x92fc13b11169afbb2ef11a684d9fe9a19e743cd6aa5ce23fb5-19.cnf,unsat,unsat,19.824,32.01
5099718e4b5b8fe2ba7f8b919fdfde2d,satcoin-genesis-SAT-5.cnf,sat,sat,2.704,35.624
51dd2c14736f2d9164f749d6a633ccb5,j3045_10_mdd_bm1.cnf,unknown,unsat,273.522,2000.0
51e4929accfa3a0e68bff09974c7f0f4,SAT_MS_sat_nurikabe_p16.pddl_166.cnf,unknown,unknown,2000.0,2000.0
5237a944490aeead04c7a4539e6b44d2,SC22_Timetable_C_451_E_43_Cl_30_S_27.cnf,unknown,unknown,2000.0,2000.0
5457c05649be6f3bc4f743c5e6086a18,mdp-28-10-sat.cnf,sat,sat,3.408,243.597
54d4838f065e6ca3579b357bc70ea566,div_miter_lec_4.cnf,unknown,unknown,2000.0,2000.0
5573681b2f40d5d8b30267ac59987e40,Carry_Bits_Fast_16.cnf.cnf,sat,sat,2.613,57.078
55add9c1c8ad002a0faa34ecf47919a1,SC22_Timetable_C_451_E_45_Cl_30_S_27.cnf,unknown,unknown,2000.0,2000.0
5601a7e094f61f3c5af461300c25243f,summle_X111107_steps8_I1-2-2-4-4-8-25-100.cnf,sat,sat,8.713,109.507
567964f034c8ffa65952897ce4927c6c,ablmulub16x4o.cnf,unsat,unsat,11.52,19.611
56e7489da32260e1bdd085a418592ec2,cliquecoloring_n18_k6_c5.cnf,unknown,unsat,513.729,2000.0
5796ee4ac65929640e1b67ae2bfb9e8e,div_miter_lec_3.cnf,unknown,unknown,2000.0,2000.0
59047491e4828ed2bb79572330df6f77,mdp-32-16-unsat.cnf,unknown,unsat,254.504,2000.0
594b07c07aee036a7aca35d44e2316da,div-mitern168.cnf,unsat,unsat,28.522,422.968
59e596f5f845a2487370950b37ec3db2,aws-encryption-sdk-c:aws_cryptosdk_enc_ctx_size.cnf,unsat,unsat,79.67,566.964
5ac44f542fd2cd4492067deb7791629a,Carry_Bits_Fast_18.cnf.cnf,sat,sat,2.311,0.374
5c54a96de5bbfbfe9152afbc8822588d,cliquecoloring_n60_k5_c4.cnf,unknown,unknown,2000.0,2000.0
5c5fa629c2c62723eb2d3388db264521,Wallace_Bits_Fast_3.cnf.cnf,sat,sat,5.415,34.167
5c6495ff589cbbcb550e1655dadbd143,worker_40_80_35_0.85.cnf,unknown,unsat,2000.0,2000.0
5cc5e3d24402696ed4ec03edfa42d663,sudoku-N30-24.cnf,unsat,unsat,18.432,200.276
5d357f1e4b5abc96c90d305f629edd5c,ps_200_323_70.cnf,unsat,unsat,9.51,34.841
5e04f38ff11cee5d75fb98e12f6a14fc,sqrt-mitern172.cnf,unsat,unsat,9.514,29.836
5e25f9f0d4ef05401fd9ab45a2538c1c,summle_X111117_steps8_I1-2-2-4-4-8-25-100.cnf,sat,sat,6.22,44.309
5e66b728b2445ec69f27e0f1a49f4b29,006.cnf,sat,sat,17.985,21.052
5e933a625099cc1ec6a8299a7848a2ae,Kakuro-easy-112-ext.xml.hg_7.cnf,sat,sat,26.448,233.208
5f24ae73bb2a0ec3bef68d8a9680f04f,af-synthesis_stb_50_80_7_unsat.cnf,unsat,unsat,26.625,2000.0
5ff92b9fa31963608674761e0d71fce8,sv-comp19_prop-reachsafety.triangular-longer_false-unreach-call.i-witness.cnf,sat,sat,6.711,16.295
608941b989227d93c62b3a9b4280011b,summle_X8639_steps8_I1-2-2-4-4-8-25-100.cnf,sat,sat,6.311,71.701
60a0ab2650e08f32c4fff6ff09369568,eqsparcl12bpwtrc12.cnf,unknown,unsat,138.527,199.107
61175b10026fe42cadd5e2f0088684ea,6s105_Iter99.cnf,unknown,unknown,2000.0,2000.0
622787535593269d5e9a1dc4fe01c4af,atco_enc1_opt2_10_16-sc2014.cnf,sat,sat,13.493,297.153
65138afdf7eb054be5131f2b0de84369,satch2ways12u.cnf,unsat,unsat,4.516,25.331
65514d6ff224df20ba8c1aeec1698ab6,PancakeVsInsertSort_8_7.cnf,unknown,unsat,122.619,2000.0
6901858f1edbe3b1d327902dab720326,reconf20_20_grid10_4_4957.cnf,unsat,unsat,17.429,900.719
6965d5369d3ab26daaf074303c3d1739,mp1-squ_ali_s10x10_c39_abix_SAT.cnf,sat,sat,2.608,24.664
6a3e3d3a65a46608b44d81f9e4621087,6s105_Iter35.cnf,unsat,unsat,46.44,760.234
6b0dfcfa8cf0c0564f17ec0a5434b5b9,ITC2021_Early_4.xml.cnf,sat,sat,2000.0,2000.0
6b630aa05142274d965c8fc019db511e,bmc_QICE_rxrsp_vld_30.cnf,unsat,unsat,335.259,904.107
6b7e3415d7bd20be605b1f9723c43d68,Carry_Bits_Fast_5.cnf.cnf,sat,sat,6.305,23.843
6c34b7032712e16b08d97a0449d610e2,puzzle30_sat.cnf,sat,sat,18.521,18.508
6d815089fb4095208754622b4c44a8f7,Carry_Bits_Fast_12.cnf.cnf,sat,sat,2.302,0.269
6dd57612dab7692b8c38225bb852ce36,hwmcc15deep-6s516r-k18-sc2017.cnf,unsat,unsat,23.427,2000.0
6e1b970d637fca70d08b251766edade3,Nb8T61.cnf,sat,sat,3.423,3.279
6e3015f2ce1f17e4f2b81dae06d73eec,gus-md5-11.cnf,unsat,unsat,63.446,2000.0
6e3ba15d8b33f40738f7e7d7355799a5,SC22_Timetable_C_436_E_41_Cl_29_S_27.cnf,unknown,unknown,2000.0,2000.0
6f956a3f95ccaf35a3de1fe72b9cf79e,soelberg_unit_109.cnf,unsat,unsat,10.522,269.796
6fa8b4b7f4b059bd46913dbe741c0b94,mdp-36-11-sat.cnf,unknown,sat,186.563,2000.0
6fb0757ee018642fedd0669aad3882fe,grid-color-12-14-10-cb.cnf,sat,sat,19.627,2000.0
7016d1da3fdfe543de3b95f96a9ffe4c,summle_X8651_steps8_I1-2-2-4-4-8-25-100.cnf,sat,sat,3.723,43.24
7018eff980d8183192d7a309e508b320,grid-color-14-14-10-cb.cnf,unknown,unknown,2000.0,2000.0
70289686a242c8380ca26bda45ad1278,summle_X111104_steps6_I1-2-2-4-4-8-25-100.cnf,sat,sat,12.622,121.793
7101289c67f4c4ba117ad06ebb7d18a0,6s184.cnf,unsat,unsat,2.708,338.863
72329bc80f5f55dcc356a22f3f11ebec,GP_200_313_5.cnf,sat,sat,20.354,2000.0
73ef1e87dbb7965ecb558e62dedb3a0c,SCPC-500-8.cnf,unsat,unsat,5.123,92.347
7703f7d1901ff09a0f177c52a1a7c107,linked_list_swap_contents_safety_unwind43.cnf,unsat,unsat,22.64,115.391
78a0e76b68b536e2ea7d801fc6061cd2,grid-color-12-14-14-cb.cnf,sat,sat,9.523,2000.0
78cdffdf5bbb89beb753f9ffab7fa45f,sudoku-N30-6.cnf,unsat,unsat,18.319,169.826
7993005e2949524b293b216ed9c65126,cfi-rigid-s2-0064-03-or_2_shuffle_all.cnf,unsat,unsat,22.433,2000.0
7a236bb9e1566b80fa7b593a7e973efa,SCPC-500-16.cnf,unsat,unsat,5.41,211.268
7a67847b81b414d659f005200cf56f6b,size_5_5_5_i198_r12.cnf,sat,sat,5.612,16.365
7ab6615515ffc5ceb8f6bd440d159c3d,pj2016_k80.cnf,sat,sat,85.62,2000.0
7acf6cf25ddaf2ab98106e0bb3b9ddb1,af-synthesis_stb_50_140_3_sat.cnf,sat,sat,4.2,161.456
7adc1ade3384505af00ff8f7be23f5bd,ex175_20.cnf,sat,sat,29.358,543.02
7af73f846548141cc97b8a149a20bfbf,vlsat2_57038_10572502.dimacs.cnf,sat,sat,8.614,2000.0
7b933d3e6b425772ed19eb0fec52bbf9,j3037_1_rggt_b.cnf,sat,sat,5.611,41.723
7c15baa29f2228703e5161bfabd91773,reconf10_140_queen6_1.cnf,sat,sat,7.735,2000.0
7c6a06895899eab7cb83b658898ac327,reconf10_145_queen6_2.cnf,sat,sat,11.314,2000.0
7d2199baf2526263b5f753d290d2790b,md4__zeroOut_19__freeIn_23__seed_2.cnf,sat,sat,9.52,55.068
7d9025b2f7e76f783a4ae5e8c9bf8e5c,4d_euler_bricks.cnf,unknown,unknown,2000.0,2000.0
7e5396d6b00b82c2fc0ea1d7c6505afd,manthey_single-ordered-initialized-w50-b7.cnf,unsat,unsat,15.522,2000.0
7e9318578a6bdd7dfa9fc261be8a0839,PancakeVsSelectionSort_7_7.cnf,unsat,unsat,66.251,2000.0
7edaa759315f3762eee756c5bb843599,SC22_Timetable_C_436_E_42_Cl_29_S_27.cnf,unknown,unknown,2000.0,2000.0
7efdf72de31fa82aeceb7acbc29a59bf,vlsat2_113_1150.cnf,sat,sat,3.618,58.15
7f09f477d319cd79821c80504aa06a6e,Break_16_56.xml.cnf,sat,sat,13.422,125.851
7f4d55b70c61ffc611a58e01d52c19bb,SCPC-500-11.cnf,unsat,unsat,6.413,278.949
7fe153ced2c966dcdeb42b6714b4d6b7,sudoku-N30-11.cnf,unsat,unsat,149.344,2000.0
7ff8c9781b3ada449ce489cdf444a760,Break_unsat_10_15.xml.cnf,unknown,unsat,682.607,2000.0
80023e9fd0e627f71c2d953432613b5f,hyp_cec_multi_4.cnf,unknown,unknown,2000.0,2000.0
807133f4461a11e39a390dfcf67a4fc6,summle_X11113_steps8_I1-2-2-4-4-8-25-100.cnf,sat,sat,6.589,24.575
810ce4a78bc01ddc5a043d95f9584f2f,005-80-12.cnf,sat,sat,57.371,151.597
81b674a2aa6fbda9b06cf8ea334ddc44,beempgsol2b1.cnf,unsat,unsat,10.516,300.343
81e73c41a76d7b432cf86c43ffe23986,PancakeVsInsertSort_8_6.cnf,unsat,unsat,84.67,2000.0
85aa1f0820da17412b8ee803b4a85207,sudoku-N30-4.cnf,unsat,unsat,172.644,2000.0
885c0d25480fe4db3cd5d3b4bc044e76,SCPC-500-17.cnf,unsat,unsat,5.407,234.016
889b6d29998ade866e64c46f807a98bc,6s320rb1_Iter9.cnf,sat,sat,11.62,332.977
88bfa72210baef40a2903d95044dc19d,linked_list_swap_contents_safety_unwind40.cnf,unsat,unsat,20.624,63.375
8aee61ed27bf700a548ca9c097203749,SAT_MS_sat_snake_p01.pddl_39.cnf,sat,sat,27.537,2000.0
8bb5819a23a8f1dff851d608bec008ca,ITC2021_Late_6.xml.cnf,sat,sat,3.218,66.163
8bfbffbfea9e5a5993bc024f39adff84,worker_40_80_40_0.85.cnf,unknown,unsat,2000.0,2000.0
8c0af30cc2a89e3fee97852633bed956,div_miter_lec_1.cnf,unknown,unknown,2000.0,2000.0
8c8b72ac19c0f93813b614a18abaf512,aws-encryption-sdk-c:aws_cryptosdk_keyring_trace_eq.cnf,unsat,unsat,68.458,492.749
8e659f42dd85a193fccc9cbbcc4627ed,sum_of_three_cubes_3_unknown_representation.cnf,unknown,unknown,2000.0,2000.0
8efdd60faa21ddcace492bff0479408b,Break_triple_20_54.xml.cnf,unknown,sat,2000.0,2000.0
8f3d4a4fedf4689ae0e6df362478d551,PancakeVsSelectionSort_7_6.cnf,unsat,unsat,33.654,2000.0
90add18e4ee4facb4f37737a9a2602cc,SC22_Timetable_C_436_E_40_Cl_29_S_27.cnf,unknown,unknown,2000.0,2000.0
90e839c4b05d4a7ac011435921551060,SC22_Timetable_C_436_E_43_Cl_29_S_27.cnf,unknown,unknown,2000.0,2000.0
90ec6ff35305fed1d9a87a3ecd87238b,linked_list_swap_contents_safety_unwind48.cnf,unsat,unsat,33.545,204.874
918ca8da0cbca88dcd34b0a6dec2b770,GP_100_950_32.cnf,sat,sat,31.757,2000.0
920bbe559da4ea37fd636605316a791c,SCPC-500-19.cnf,unsat,unsat,5.088,14.174
925c82e25f5391fc2f1f7a4a9e093cec,6s186_Iter99.cnf,unknown,unknown,2000.0,2000.0
928436a6e8edbcde2d82504a85c88853,rphp_p90_r90.cnf,unknown,unknown,2000.0,2000.0
93695f689b57cdb57c9b6d0d726e0f53,Break_triple_18_48.xml.cnf,sat,sat,396.41,2000.0
95c00d0ae51d5d0a2a931ce82b77701f,af-synthesis_stb_50_140_0_sat.cnf,sat,sat,5.392,308.048
96f6aab24720f070a02e637f7252b482,grid-color-12-14-8-cb.cnf,sat,sat,8.715,37.9
98dbd257808e551fd26cad78ba520955,ITC2021_Late_2.xml.cnf,sat,sat,137.516,2000.0
9954ccd77da65ad003b73bf38de3bd78,4d_perfect_euler_bricks.cnf,unknown,unknown,2000.0,2000.0
9cdf94203777c9f036f412bef1cc7c85,tseitin_n196_d3.cnf,unknown,unsat,2.416,2000.0
9cea216ba8c5051e489af11150504ba6,Break_20_36.xml.cnf,unknown,unknown,2000.0,2000.0
9e35558ea8ffba630cd8c8f90e14af14,string_compare_safety_cbmc_unwinding_730.cnf,unsat,unsat,59.264,731.15
9f7ec7ef3a908c2e93b5553670a207b1,rphp_p14_r14.cnf,unknown,unsat,238.487,2000.0
9f901378a6feabcc94019a018a70d42b,sin-mitern29.cnf,unsat,unsat,5.517,62.312
a09b0e7764666af044fa7e63dd7e7aef,PancakeVsSelectionSort_8_3.cnf,unsat,unsat,15.522,104.537
a0e98fd44b74e6f255ca1e5a20bc01fd,cfi-rigid-d3-0180-02-orig.cnf,unsat,unsat,44.647,2000.0
a1158a2d8c8a1c6da02c2c4fcb32337f,6s158_Iter2.cnf,unsat,unsat,6.318,27.262
a130a3f95891daed1bfd71c77bd2d8a1,SAT_dat.k80.cnf,unsat,unsat,13.217,74.373
a2609893b71f219f4635d33ef1ff6eca,j3045_4_gmto_bm1.cnf,unsat,unsat,56.455,906.58
a2bdae1f9d9695e8cf80cfbbd5f7d61f,PancakeVsSelectionSort_8_4.cnf,unsat,unsat,93.476,2000.0
a33d32bb816c0da62c7d946c18286a0d,SCPC-500-2.cnf,unsat,unsat,4.608,109.3
a42230be4432b010789b6f97b090343c,soelberg_unit_223.cnf,unknown,sat,359.486,2000.0
a4451734e7f5f2ce7b481688a693c4e9,worker_20_20_16_0.9.cnf,unsat,unsat,2000.0,2000.0
a44fce1796383ea31df08af3b0f65db3,soelberg_unit_159.cnf,sat,sat,87.593,2000.0
a4bffff28417d6b4d72f7b9122988ba5,reconf10_68_queen15_2.cnf,sat,sat,8.217,799.032
a58badecf3c901594f06d021f54c3a11,aws-c-common:aws_priority_queue_s_sift_either.cnf,unsat,unsat,58.445,415.927
a5e0082efb1da4dabaa165c2bda5f85e,linked_list_swap_contents_safety_unwind41.cnf,unsat,unsat,24.544,76.243
a65dfd8b3468d202ff3ba8731018622e,j3037_10_gmto_bm1.cnf,unsat,unsat,10.336,65.445
a7aac5c83f236fd8b3de3275e3f5499d,edit_distance041_183.cnf,unsat,unsat,8.386,389.582
a7b23445c21b27eb3c918c1e96ba25df,hyp_cec_multi_1.cnf,unknown,unknown,2000.0,2000.0
a7cb2567e1f5b7ec2f4ba09931e29b96,s2n:s2n_stuffer_write_base64.cnf,unsat,unsat,125.393,2000.0
aa4638ca3654f1a300c809125a3133ee,6s22_Iter57.cnf,unsat,unsat,39.229,505.223
aad5bbe8920c5afc84068bb1da27ee8f,LABS_n041_goal003.cnf,sat,sat,7.518,196.524
ab660e179140ea816eca23098fd50078,sum_of_three_cubes_33_unknown_representation.cnf,unknown,unknown,2000.0,2000.0
ac6256657058fe65dc7ddaf773ab83bf,SC21_Timetable_C_527_E_71_Cl_35_S_35.cnf,sat,sat,17.529,2000.0
ae5f6e83a289d226a353efd95b663717,6s22_Iter99.cnf,unknown,unsat,347.303,2000.0
af63ce577d1fea121ba80b4b1d148f0c,sudoku-N30-22.cnf,unsat,unsat,15.319,124.971
af834fd3ce15078d2ab055c996758c00,sum_of_three_cubes_33_known_representation.cnf,sat,sat,32.542,2000.0
b043968ec004b4ac19eb31926c24d22c,mdp-36-11-unsat.cnf,unknown,unknown,2000.0,2000.0
b1c44904cf06682f973b60c8282f45e8,mp1-squ_ali_s10x10_c39_bail_SAT.cnf,sat,sat,2.424,3.598
b24684abee2e253a4aee233eed155a5b,GP_100_948_34.cnf,sat,sat,26.052,2000.0
b29cb3449d70126d186e1f6a4fccc419,pj2015_k9.cnf,unsat,unsat,70.253,844.072
b2bcdd97e7d0ca8858b412eb34b26ba9,hyp_cec_multi_5.cnf,unknown,unknown,2000.0,2000.0
b344f80cef9889d952c76736d0ad92d9,9dlx_vliw_at_b_iq6.cnf,unsat,unsat,42.449,248.834
b3828c92f2c77f8d7581570685679d76,sin_depth_miter_8.cnf,unknown,unknown,2000.0,2000.0
b3cf73d0383f781adf09a2192fa03a15,string_compare_safety_cbmc_unwinding_670.cnf,unsat,unsat,61.271,633.019
b51583e32432c5778c7e3e996c3bfeba,sqrt_ineq_3.c.cnf,sat,sat,3.507,20.411
b88d206fb35ef87bd7ec5d4a1430ae0c,20-100-p100-55_sat.cnf,sat,sat,23.42,2000.0
b8d10f8c82a85c03c000fbd005e5a838,worker_50_150_40_0.85.cnf,unknown,unsat,2000.0,2000.0
b8e3b884886922343f5cb72d92c24b97,frb75-13-2.used-as.sat04-878.cnf,sat,sat,2.389,129.134
b8f9b018d16835c564dcd8395118c79f,aws-encryption-sdk-c:aws_cryptosdk_priv_hdr_parse_alg_id.cnf,unsat,unsat,61.343,2000.0
b913c17d26ac9f3ad15fa83dc98960c7,sudoku-N30-27.cnf,unsat,unsat,25.341,136.335
b96071f89fa1b1670b8375010b1dd42b,SCPC-500-9.cnf,unsat,unsat,4.408,37.321
b962abe508e5a677dbce14056111b48b,j3037_1_rggt_bm1.cnf,unsat,unsat,43.445,865.354
ba8621490e4e7212fffdb55fb6bd282d,combined-crypto1-wff-seed-108-wffvars-500-cryptocplx-31-overlap-2.cnf,sat,sat,3.204,229.914
bb0613595001749a0ada02f2da85bc89,PancakeVsInsertSort_7_7.cnf,unsat,unsat,26.63,919.575
bb80971144a5423532aea9424dade891,div-mitern174.cnf,unsat,unsat,7.502,19.629
bc16508e3f279bec0a072b939bbe6440,af-synthesis_stb_50_40_2_sat.cnf,sat,sat,5.998,114.951
bcb2104a3558d87ac3b2107c10d54648,mp1-blockpuzzle_5x12_s6_free3.cnf,unsat,unsat,13.51,477.997
bd5bc8b7711b75f3cd3ad935bf000659,af-synthesis_stb_50_20_8_unsat.cnf,unsat,unsat,30.518,2000.0
be2b20414899ed839ac14bf8b9365692,pj2016_k140.cnf,unknown,sat,481.378,2000.0
c0d927c372e355081aa1f537cc910843,GP_100_948_32.cnf,sat,sat,25.96,2000.0
c0df94532b1ca8a705d3af05378f377d,SCPC-500-20.cnf,unsat,unsat,4.417,44.619
c1b30b4e03c3024ad9d084e29e79aa46,BubbleVsPancakeSort_6_6.cnf,unsat,unsat,7.307,53.197
c1cb62f85f0c6a29c5d3c47d25fbc24a,Carry_Bits_Fast_23.cnf.cnf,sat,sat,2.312,3.164
c221c5dc006de79e561124dab52aae82,mdp-28-12-unsat.cnf,unsat,unsat,39.637,2000.0
c23aed727ae2d9cbb888d771991995aa,tseitin_grid_n16_m16.cnf,unknown,unsat,2.407,2000.0
c2596b3f0d779d532a667962b1e54b42,pj2008_k300.cnf,unknown,sat,859.906,2000.0
c2828483a78420f9a90e3ed9728c06cc,GP_100_951_37.cnf,sat,sat,31.852,2000.0
c2894b8d82492f03bb73bbc65896c016,aws-c-common:aws_priority_queue_s_remove_node.cnf,unsat,unsat,71.362,559.301
c2f827691e524e272d21de55b3749877,GP_100_951_35.cnf,sat,sat,31.948,2000.0
c33dc89922f1ddea4e7eeddafe4143b3,reconf20_20_grid10_1_6141.cnf,unsat,unsat,15.628,2000.0
c3b4a96d92da617218449abad4334d6d,div-mitern164.cnf,unsat,unsat,80.444,2000.0
c3de1f05d136b8ec420732ca829f3217,corePKCS11:C_CreateObject.cnf,unsat,unsat,33.45,187.331
c5be40965caf3abdba3994ff3d1f32b6,grid-color-12-14-4-cb.cnf,sat,sat,2.596,41.258
c846dfb21b50596aef8fbe5591d75eb0,UNSAT_MS_opt_snake_p20.pddl_29.cnf,unsat,unsat,23.736,2000.0
c98459d6a1763d809729e276b9c4cbbd,linked_list_swap_contents_safety_unwind74.cnf,unsat,unsat,81.157,2000.0
c9886f58320a360adbc8db9470563bea,ctl_4291_567_12_unsat.cnf,unsat,unsat,11.527,656.709
ca6db14aaa04027d2b8af47ec910bd68,cfi-rigid-s2-0064-04-or_2.cnf,unsat,unsat,19.422,798.09
cac1c09f968ef8654c499156d1292385,SCPC-500-18.cnf,unsat,unsat,4.523,91.997
cb3c725fd30d50c6785b907054194260,worker_40_40_30_0.9.cnf,unknown,unsat,2000.0,2000.0
cb8f9ffb66d9b5ef663e6759be0b5e4e,q_query_3_L200_coli.sat.cnf,unsat,unsat,30.228,140.864
cbd7e28e510e658abbbe312bdffc6407,worker_50_50_50_0.85.cnf,unknown,unsat,2000.0,2000.0
ccb55d1b802617fcb969e12859d66124,g2-mizh-md5-48-2.cnf,sat,sat,6.208,238.464
cd1585619fea2f2634525a3663873764,linked_list_swap_contents_safety_unwind55.cnf,unsat,unsat,49.53,222.225
cd361d33986dccd7f2d86016d6c35241,ecarev-110-4099-22-30-7.cnf,sat,sat,27.345,430.571
cd36b290c27ed9bafedfb2ca88469f01,mdp-28-12-sat.cnf,sat,sat,4.403,57.888
cd72a64e1b857fd30b9ec831cf462bf1,mp1-21.7.cnf,sat,sat,3.513,15.359
cd7c8f8aa9901293a9bc31839eafcc40,reconf10_42_queen20_4_0961.cnf,sat,sat,22.436,718.749
cda0871abcaa41bb403207731bd24fe5,af-synthesis_stb_50_100_4_unsat.cnf,unsat,unsat,41.222,2000.0
cdcdc78497a72d622493b1bac4f0f28b,reconf20_26_3-FullIns_4_1.cnf,unsat,unsat,27.532,473.01
ce32731c73701c2ac2bed5341b6ae3ca,mp1-9_27.cnf,sat,sat,2.803,11.471
ce4345ce697134021029c2686d5eb04c,Carry_Save_Fast_3.cnf.cnf,sat,sat,2.516,2.07
cf194dbcba619ea53edb4170c056ac5b,grid-color-14-14-14-cb.cnf,unknown,unknown,2000.0,2000.0
cfa14a7015b0f7fecd98e898f3c95896,velev-vliw-sat-4.0-b8.cnf,sat,sat,13.435,47.134
d065d395159d19735706e0b5cb823f17,af-synthesis_stb_50_20_8_sat.cnf,sat,sat,3.614,78.078
d0ee45ac97c6b5cc63a528f46a5797aa,linked_list_swap_contents_safety_unwind44.cnf,unsat,unsat,26.534,136.766
d1a4dc04e54d4fa58dfbbf61bd2415b4,SC22_Timetable_C_451_E_50_Cl_30_S_28.cnf,sat,sat,39.807,2000.0
d1dbf88a58406c931fd696267ed8159e,s2n:s2n_stuffer_private_key_from_pem.cnf,unsat,unsat,44.582,78.019
d1f5c3af78f13f39595288976115d7d3,3d_perfect_euler_bricks.cnf,unknown,unknown,2000.0,2000.0
d21199e73859ca35386912c5c475d6c7,tseitin_n192_d3.cnf,unknown,unsat,2.608,2000.0
d32a1553afeebf44835370c9567b3598,cfi-rigid-t2-0048-01-or_3_shuffle_all.cnf,sat,sat,9.411,367.578
d3c07914f3ebb42906b986aa431243af,summle_X8646_steps8_I1-2-2-4-4-8-25-100.cnf,sat,sat,3.5,23.284
d3c22bb79a638adc35682226f35e3bc4,pj2003_k9.cnf,unsat,unsat,61.95,771.796
d40af7b45bba9c64033c0dd47b07f4a4,mdp-36-16-sat.cnf,unknown,sat,2000.0,2000.0
d518d21a9d851741940749cb59f558af,rphp_p6_r28.cnf,unsat,unsat,23.529,316.177
d60f78323b957025e55ca528d641b83b,SC22_Timetable_C_451_E_48_Cl_30_S_27.cnf,sat,sat,185.772,2000.0
d6947217ad779e1175c716cca42525c6,summle_X111113_steps7_I1-2-2-4-4-8-25-100.cnf,sat,sat,6.614,553.834
d6c845a5f92ebc059b3f0ab2f6d395ed,cfi-rigid-z2-0088-02-or_2_shuffle_all.cnf,unsat,unsat,24.554,690.934
d702aa8568706efda8308ef8d24f907b,div-mitern167.cnf,unsat,unsat,40.535,673.046
d7039acbd2f060fe1e32a273b07c2c77,sudoku-N30-29.cnf,unsat,unsat,143.238,2000.0
d78819115db81dee343d7777fbc5844f,cfi-rigid-s2-0064-02-or_2.cnf,unsat,unsat,17.431,261.568
d79e09d2a1639a01528c0703df4d4946,pj2008_k400.cnf,unknown,unknown,2000.0,2000.0
d7f273dc6e97efe55c8b7f9cc547eb2d,sin_depth_miter_1.cnf,unknown,unknown,2000.0,2000.0
d8602e623f87dd33f4a1a69ee42d15be,reconf20_50_grid10_3_6844.cnf,unsat,unsat,32.322,2000.0
d87714e099c66f0034fb95727fa47ccc,Wallace_Bits_Fast_2.cnf.cnf,sat,sat,2.407,4.527
d892eb7b3b3a44192ee639e222eee058,reconf10_99_Ins_3_1.cnf,sat,sat,7.401,367.252
d8bb23406e76bf5a4b7a6edba8784a74,Lab-Project-FreeRTOS-Cellular-Library:Cellular_ATRemoveTrailingWhiteSpaces.cnf,unsat,unsat,28.644,406.387
d90c519010bfda89d1626c0321a55a64,j3045_10_gmto_bm1.cnf,unknown,unsat,417.582,2000.0
d9e9100c382d44fb67af82f8d69814f1,cfi-rigid-t2-0048-03-or_3_shuffle_all.cnf,sat,sat,9.514,359.53
dcac26e190c906c61ac7222d6d4628c7,grid-color-14-14-12-cb.cnf,sat,sat,40.352,2000.0
dd0196aee30d0a83b6fe8bc7eba01806,aws-encryption-sdk-c:aws_cryptosdk_priv_hdr_parse_iv.cnf,unsat,unsat,42.841,415.385
ddc7ca4c5dcb102a3ecc63721498f746,SC22_Timetable_C_436_E_39_Cl_29_S_27.cnf,unknown,unknown,2000.0,2000.0
ddcb0cd9b7bca43c3a5189326ae88aab,linked_list_swap_contents_safety_unwind71.cnf,unsat,unsat,67.559,112.045
e011c703e4a2ff46069ec2af2997b580,sin_depth_miter_6.cnf,unsat,unsat,169.309,2000.0
e01c39b7b41c9ff1621579b747254fab,ncc_none_3001_7_3_3_1_31_435991723.cnf,sat,sat,45.259,276.352
e02e21075d3bb8b0e64ea9b8122c75ff,PancakeVsInsertSort_6_7.cnf,unsat,unsat,9.508,35.226
e0b938c32e36e2939d712dd4024f9ec6,j3037_9_mdd_b.cnf,sat,sat,9.418,187.914
e28cf003c086c99f3a3d9a90aebf8ed1,intel046_Iter124.cnf,sat,sat,7.5,48.106
e4128445a07bb86afca1f3590d9adfa9,worker_80_80_80_0.8.cnf,unknown,unsat,2000.0,2000.0
e436f6303d3f499969eafe05b0914a4b,bmc_QICE_snp_vld_50.cnf,unsat,unsat,655.729,2000.0
e47567e16e4aeb4d8f3806dfbfdfd646,sudoku-N30-8.cnf,unsat,unsat,147.342,2000.0
e4f345877ba5fa2b8fb26be06a123748,rphp_p105_r105.cnf,unknown,unknown,2000.0,2000.0
e55a49d8065d65650f24c0f3ecef30b6,af-synthesis_stb_50_120_4_unsat.cnf,unsat,unsat,22.536,562.043
e5f5dbace0183455d167a88100312c34,Nb52T6.cnf,unsat,unsat,79.566,2000.0
e6f793931983295561620a027d9b3e95,mdp-36-14-unsat.cnf,unknown,unknown,2000.0,2000.0
e7c0d40392681b1a55d5d3c826a26766,reconf20_116_le450_25c_1.cnf,unsat,unsat,23.532,135.033
e7cd2c407974b35fa97f8e64a691bfa0,j3037_10_gmto_b.cnf,sat,sat,4.309,43.269
e85b6cb3e2751d5c80559433ba1adf06,vlsat2_24450_2770239.dimacs.cnf,sat,sat,4.418,16.515
e8d9e3a985463b8e4f45b6e09b77bf6c,cfi-rigid-t2-0048-02-or_3_shuffle_all.cnf,sat,sat,8.708,436.122
e97ebde59cb17ef6f7c4430224b21ed1,grid-color-14-14-8-cb.cnf,sat,sat,20.617,306.002
e992a45933d191dc4fbe8cc4836109f8,sum_of_three_cubes_165_known_representation.cnf,sat,sat,20.348,2000.0
e99ce61fe251b404ec85f6246fd4bb19,Wallace_Bits_Fast_7.cnf.cnf,sat,sat,2.598,6.644
e9b4369f9a98e397ac69eb7740ffef49,Carry_Save_Fast_2.cnf.cnf,sat,sat,2.302,14.861
ea8a79747c7ab142a897b7e8e638245f,j3045_4_mdd_b.cnf,sat,sat,6.512,135.81
eb659cd21250abdc8c9cec49073c32c6,linked_list_swap_contents_safety_unwind59.cnf,unsat,unsat,45.447,194.922
eb8a25e0db5d0605e3e15670f7a07f27,grid-color-14-14-2-cb.cnf,sat,sat,151.435,182.993
ed410c758e5025f1bb97922574d1c2ff,reconf10_86_sp003_1.cnf,sat,sat,63.254,2000.0
ed6920e7126f57daabfb85415607fdb5,sum_of_three_cubes_906_unknown_representation.cnf,unknown,unknown,2000.0,2000.0
ee06244cc0ed073bd6abf147dc27eff6,pj2016_k120.cnf,unknown,sat,707.429,2000.0
eede03732955f620b5291f9dcf9f95df,tseitin_n200_d3.cnf,unknown,unsat,2.608,2000.0
efc1b836380d0f84e7512f7b2ccdbb60,PancakeVsInsertSort_8_5.cnf,unsat,unsat,72.362,2000.0
f0f279c7d5043e783f73237cf6bddf33,Break_triple_20_72.xml.cnf,sat,sat,2000.0,2000.0
f1afd5e8d4b842c15c6a2c420b2b2dba,pj2018_k10.cnf,sat,sat,32.337,451.446
f1b3d254596523910f3af07fc1942e64,Break_unsat_12_19.xml.cnf,unknown,unsat,465.569,2000.0
f2a73aa514c859c91db462e1e2a1315b,af-synthesis_stb_50_140_1_sat.cnf,sat,sat,6.214,353.744
f5f1d6a47ed7449a18d872a3f93d8aa5,GP_120_400_15.cnf,sat,sat,13.528,2000.0
f64806fd4fe79f1efaefa7ce68d93ee1,sin_depth_miter_4.cnf,unsat,unsat,37.442,2000.0
f8a966a2ba189ad5fa45f870f3c5e200,sudoku-N30-7.cnf,unknown,unsat,530.405,2000.0
f8ad493b11bf0692c1f3919642cebdb1,PancakeVsInsertSort_9_3.cnf,unsat,unsat,24.434,402.921
f8b7241f662ab4d36337b74bb7984122,summle_X111119_steps7_I1-2-2-4-4-8-25-100.cnf,sat,sat,6.202,48.159
f9dd957b2f5940a3e3adaa2eeaaba011,mdp-36-12-sat.cnf,sat,sat,2000.0,2000.0
fa88b447f6b41b04686085480678affe,UNSAT_H_instances_childsnack_p12.hddl_1.cnf,unsat,unsat,2000.0,2000.0
fb5cf4ad3c46dd294eb8253218524ba6,cfi-rigid-r2-0072-01-or_3.cnf,sat,sat,10.426,292.499
fbf3b9f8a03a1efedae3da04622fe96e,sqrt-mitern168.cnf,unsat,unsat,26.352,2000.0
fca7a5a04aaed5f0eacccc4139dc894a,satcoin-genesis-SAT-8192.cnf,sat,sat,3.604,2000.0
fdfd5975c57d7cd2264ef6aff6cb4815,SE_PR_stb_588_138.apx_1.cnf,sat,sat,4.212,233.662
fe800e62b55609cb152965c223e72280,div-mitern171.cnf,unsat,unsat,13.508,96.962
fe96b630b3e761821308b544368dd521,GP_100_950_34.cnf,sat,sat,31.38,2000.0
fec4ba2cf2416933dcf7b8153be97344,bz-X-4-7-6.cnf,sat,sat,4.318,2000.0
fee70cede2b5b55bfbdb6e48fbe7ce4f,DLTM_twitter690_74_16.cnf,sat,sat,6.504,107.388
ff3be72b9f5f44036875aa48f5434456,worker_20_60_20_0.9.cnf,unknown,unsat,2000.0,2000.0
fff3f8c76467cdf9d92689969fd94281,mod2c-rand3bip-sat-240-2.shuffled-as.sat05-2519.cnf,sat,sat,3.515,2000.0
